Title	IsAcademic	IsLeadership
ACADEMIC COUNSELOR	FALSE	
ACADEMIC COUNSELOR - INTERN	FALSE	
ACADEMIC COUNSELOR - LEAD	FALSE	
ACADEMIC COUNSELOR - SENIOR	FALSE	
ACADEMIC COUNSELOR LEAD - UAA	FALSE	
ACADEMIC COUNSELOR LEAD - UAC	FALSE	
ACADEMIC COUNSELOR PRINCIPAL - UAA	FALSE	
ACADEMIC COUNSELOR PRINCIPAL - UAC	FALSE	
ACADEMIC SERVICES-ASSISTANT DIRECTOR	FALSE	TRUE
ACADEMIC SERVICES-ASSOCIATE DIRECTOR	FALSE	TRUE
ACADEMIC SERVICES-DIRECTOR	FALSE	TRUE
ACCOUNTANT 1	FALSE	
ACCOUNTANT 2	FALSE	
"ACCOUNTANT, SENIOR"	FALSE	
ACCOUNTING SUPERVISOR	FALSE	
ACTING ASSISTANT PROFESSOR	TRUE	
ACTING ASSISTANT PROFESSOR-TEMP	TRUE	
ACTING ASSOCIATE DEAN	FALSE	
ACTING ASSOCIATE DEAN OF LIBRARY	FALSE	
ACTING ASSOCIATE PROFESSOR	TRUE	
ACTING CHAIR	FALSE	
ACTING DEAN	FALSE	
ACTING DIRECTOR	FALSE	
ACTING INSTRUCTOR	TRUE	
ACTING PROFESSOR	TRUE	
ADJUNCT ASSOCIATE PROFESSOR	TRUE	
ADJUNCT PROFESSOR	TRUE	
ADJUNCT RESEARCH ASSOC PROF	TRUE	
ADJUNCT RESEARCH ASST PROF	TRUE	
ADJUNCT RESEARCH PROFESSOR	TRUE	
ADJUNCT SENIOR LECTURER	TRUE	
ADMINISTRATIVE ASSISTANT A	FALSE	
ADMINISTRATIVE ASSISTANT A-SUPV	FALSE	
ADMINISTRATIVE ASSISTANT B	FALSE	
ADMINISTRATIVE ASSISTANT TO PRES/VP	FALSE	
ADMINISTRATIVE COORDINATOR	FALSE	
ADMINISTRATIVE SPECIALIST	FALSE	
ADMINISTRATOR	FALSE	
ADMINISTRATOR-PROGRAM OPERATIONS	FALSE	
ADMISSIONS SPECIALIST	FALSE	
AFFILIATE ASSISTANT PROFESSOR	TRUE	
AFFILIATE ASSOCIATE PROFESSOR	TRUE	
AFFILIATE IN MEDICAL/DENTAL PRACTICE		
AFFILIATE INSTRUCTOR	TRUE	
AFFILIATE PROFESSOR	TRUE	
ALCOHOLISM THERAPIST 1		
ALCOHOLISM THERAPIST 2		
ANALYST		
ANALYST-POLICY DEVELOPMENT		
ANATOMIC PATHOLOGY LABORATORY SUPERVISOR		
ANATOMIC PATHOLOGY TECHNICIAN		
ANATOMIC PATHOLOGY TECHNICIAN TRAINEE		
ANATOMIC PATHOLOGY TECHNOLOGIST		
ANESTHESIOLOGY TECHNICAL SERVICES SUPV		
ANESTHESIOLOGY TECHNICIAN 1		
ANESTHESIOLOGY TECHNICIAN 2		
ANESTHESIOLOGY TECHNICIAN LEAD		
ANIMAL TECHNICIAN 1		
ANIMAL TECHNICIAN 2		
ANIMAL TECHNICIAN 3		
ANIMAL TECHNICIAN SUPERVISOR		
APL ASSOC PROFESSOR WITHOUT TENURE	TRUE	
APL ASST PROFESSOR WITHOUT TENURE	TRUE	
APL PROFESSOR WITHOUT TENURE	TRUE	
APL-ENGINEER 1		
APL-ENGINEER 2		
APL-ENGINEER 3		
APL-ENGINEER 4		
APL-FIELD ENGINEER		
APL-FIELD ENGINEER 1		
APL-FIELD ENGINEER 2		
APL-FIELD ENGINEER 3		
APL-MATHEMATICIAN 2		
APL-MATHEMATICIAN 3		
APL-MATHEMATICIAN 4		
APL-OCEANOGRAPHER 2		
APL-OCEANOGRAPHER 3		
APL-OCEANOGRAPHER 4		
APL-PHYSICIST 1		
APL-PHYSICIST 2		
APL-PHYSICIST 3		
APL-PHYSICIST 4		
APL-PRINCIPAL ENGINEER		
APL-PRINCIPAL MATHEMATICIAN		
APL-PRINCIPAL OCEANOGRAPHER		
APL-PRINCIPAL PHYSICIST		
APL-SENIOR ENGINEER		
APL-SENIOR MATHEMATICIAN		
APL-SENIOR OCEANOGRAPHER		
APL-SENIOR PHYSICIST		
ARTIST IN RESIDENCE		
ASSISTANT - NON-UW STUDENT		
ASSISTANT CHAIR		
ASSISTANT COACH		
ASSISTANT COACH-BASKETBALL		
ASSISTANT COACH-FOOTBALL		
ASSISTANT DEAN		
ASSISTANT DEAN FOR DEVELOPMENT		
ASSISTANT DIRECTOR		
ASSISTANT DIRECTOR-PROGRAM OPERATIONS		
ASSISTANT FACILITIES DESIGNER		
ASSISTANT LIBRARIAN		
ASSISTANT PROFESSOR	TRUE	
ASSISTANT PROFESSOR EMERITUS	TRUE	
ASSISTANT PROFESSOR WITH TENURE	TRUE	
ASSISTANT PROVOST		
ASSISTANT TO CHIEF		
ASSISTANT TO OMBUDSMAN		
ASSISTANT TO PRESIDENT		
ASSISTANT TO THE CHAIR		
ASSISTANT TO THE DEAN		
ASSISTANT TO THE DIRECTOR		
ASSISTANT TO THE PROVOST		
ASSISTANT TO THE VICE PRESIDENT		
ASSISTANT TO THE VICE PROVOST		
ASSISTANT VICE PRESIDENT/PROVOST		
ASSOC DIRECTOR STUDENT HEALTH CENTER		
ASSOC PROFESSOR WITHOUT TENURE	TRUE	
ASSOC PROFESSOR WOT (3 YEARS)	TRUE	
ASSOCIATE CHAIR		
ASSOCIATE DEAN		
ASSOCIATE DEAN OF LIBRARY		
ASSOCIATE DIRECTOR		
ASSOCIATE DIRECTOR-PROGRAM OPERATIONS		
ASSOCIATE LIBRARIAN		
ASSOCIATE PROFESSOR	TRUE	
ASSOCIATE PROFESSOR EMERITUS	TRUE	
ASSOCIATE PROFESSOR TENURE TRACK	TRUE	
ASSOCIATE PROFESSOR--RETIRED		
ASSOCIATE TREASURER		
ASSOCIATE VICE CHANCELLOR		
ASSOCIATE VICE PRESIDENT		
ASSOCIATE VICE PROVOST		
ASST PROFESSOR WITHOUT TENURE	TRUE	
AUDIOLOGIST		
AUDITOR		
BAKER		
BIOMEDICAL ELECTRONICS TECHNICIAN 1		
BIOMEDICAL ELECTRONICS TECHNICIAN 2		
BIOMEDICAL ELECTRONICS TECHNICIAN 3		
BIOMEDICAL ELECTRONICS TECHNICIAN LEAD		
BIOMEDICAL ELECTRONICS TECHNICIAN SUPV		
BIOMEDICAL ELECTRONICS TECHNICIAN SUPV 1		
BOOK PRODUCTION COORDINATOR		
BOOKBINDER I		
BOOKBINDER II		
BROADCAST TECHNICIAN 1		
BROADCAST TECHNICIAN 2		
BROADCAST TECHNICIAN 3		
BUDGET ANALYST		
BUDGET/FISCAL ANALYST		
BUDGET/FISCAL ANALYST LEAD		
BUDGET/FISCAL OPERATIONS SUPERVISOR		
BUDGET/FISCAL UNIT SUPERVISOR		
BUILDING COORDINATOR 4		
BUILDING SERVICES COORDINATOR		
BUILDING SERVICES SUPERVISOR		
BUILDINGS AND GROUNDS SUPERVISOR A		
BUILDINGS AND GROUNDS SUPERVISOR B		
BUSINESS SYSTEMS ANALYST		
BUYER 1		
BUYER 2		
BUYER 3		
CAMPUS DEAN		
CAMPUS POLICE LIEUTENANT		
CAMPUS POLICE OFFICER		
CAMPUS POLICE SERGEANT		
CAMPUS SECURITY LIEUTENANT		
CAMPUS SECURITY OFFICER		
CAMPUS SECURITY SERGEANT		
CARDIAC MONITOR TECHNICIAN		
CARDIAC SONOGRAPHER 2		
CARDIAC SONOGRAPHER I		
CARDIAC SONOGRAPHER LEAD		
CARDIAC SONOGRAPHER SPECIALIST		
CARDIAC SONOGRAPHER SUPERVISOR		
CARDIAC TECHNOLOGIST		
CARDIAC TECHNOLOGIST LEAD		
CARDIAC TECHNOLOGIST SUPERVISOR		
CARPENTER		
CARPENTER APPRENTICE		
CARPENTER LEAD		
CARPET CLEANER		
CASHIER 1		
CASHIER 2		
CASHIER LEAD		
CASHIER SUPERVISOR		
CHAIR		
CHANCELLOR		
CHIEF		
CHIEF CURATOR		
CHIEF HEALTH PROFESSIONAL PRACTITIONER		
CHIEF OF STAFF		
CHIEF RESIDENT		
CHIEF RESIDENT NON-ACGME		
CLINIC CYTOGENETIC TECHNOLOGIST		
CLINIC CYTOGENETIC TECHNOLOGIST SPECLIST		
CLINIC CYTOGENETIC TECHNOLOGIST TRNEE		
CLINIC REPRESENTATIVE 2		
CLINICAL ASSIST PROF-DENT PATH		
CLINICAL ASSISTANT PROFESSOR		
CLINICAL ASSISTANT PROFESSOR-SALARIED		
CLINICAL ASSOC PROF EMERITUS		
CLINICAL ASSOC PROF-DENTAL PATHWAY		
CLINICAL ASSOCIATE		
CLINICAL ASSOCIATE PROFESSOR		
CLINICAL ASSOCIATE PROFESSOR-SALARIED		
CLINICAL AUTOPSY COORDINATOR		
CLINICAL CYTOGENETIC TECHNOLOGIST SUPV		
CLINICAL DATA SPECIALIST - CODER		
CLINICAL DATA SPECIALIST - UTIL MGMT		
CLINICAL DATA SPECIALIST LEAD		
CLINICAL DATA SPECIALIST SUPV		
CLINICAL DATA SPECIALIST TRAINEE		
CLINICAL DATA SPECIALIST-CODER/UTIL MGMT		
CLINICAL EMBRYOLOGIST TRAINEE		
CLINICAL INSTRUCTOR	TRUE	
CLINICAL INSTRUCTOR-SALARIED	TRUE	
CLINICAL LABORATORY ASSISTANT		
CLINICAL LABORATORY SUPERVISOR		
CLINICAL LABORATORY TECHNICIAN 1		
CLINICAL LABORATORY TECHNICIAN 1-HMC		
CLINICAL LABORATORY TECHNICIAN 2		
CLINICAL LABORATORY TECHNICIAN LEAD		
CLINICAL LABORATORY TECHNICIAN LEAD-HMC		
CLINICAL NURSE EDUCATOR	TRUE	
CLINICAL NURSE SPECIALIST		
CLINICAL PROF EMERITUS		
CLINICAL PROFESSOR	TRUE	
CLINICAL PROFESSOR-DENTAL PATHWAY	TRUE	
CLINICAL PROFESSOR-SALARIED	TRUE	
CLINICAL TECHNOLOGIST 1		
CLINICAL TECHNOLOGIST 2		
CLINICAL TECHNOLOGIST LEAD		
CLINICAL/MEDICAL TECHNOLOGIST 1		
COACH		
COACH - WOMEN'S BASKETBALL		
COACH-BASKETBALL		
COACH-FOOTBALL		
COMMUNICATIONS TECHNICIAN 1		
COMMUNICATIONS TECHNICIAN 2		
COMMUNICATIONS TECHNICIAN 3		
COMMUNICATIONS TECHNICIAN SUPERVISOR		
COMPLIANCE ANALYST		
COMPLIANCE ANALYST MANAGER		
COMPUTER MAINTENANCE TECHNICIAN 1		
COMPUTER MAINTENANCE TECHNICIAN 3		
COMPUTER MAINTENANCE TECHNICIAN 4		
COMPUTER MAINTENANCE TECHNICIAN LEAD		
COMPUTER OPERATOR 1		
COMPUTER OPERATOR 2		
COMPUTER OPERATOR 3		
COMPUTER SERVICES CONSULTANT 1		
COMPUTER SUPPORT ANALYST 1		
COMPUTER SUPPORT ANALYST 2		
COMPUTER SUPPORT SPECIALIST 1		
COMPUTER SUPPORT SPECIALIST 2		
COMPUTER SUPPORT SPECIALIST LEAD		
COMPUTER SUPPORT TECHNICIAN 1		
COMPUTER SUPPORT TECHNICIAN 2		
COMPUTER SUPPORT TECHNICIAN 3		
CONFERENCE COORDINATOR 1		
CONFERENCE COORDINATOR 2		
CONSTRUCTION AND MAINTENANCE MECHANIC		
CONSTRUCTION PROJECT COORDINATOR 1		
CONSTRUCTION PROJECT COORDINATOR 2		
CONSTRUCTION PROJECT MANAGER		
Consultant		
CONTINUING EDUCATION COORDINATOR		
CONTINUING EDUCATION SPECIALIST 1		
CONTINUING EDUCATION SPECIALIST 2		
CONTINUING EDUCATION SPECIALIST 3		
CONTINUING EDUCATION SPECIALIST 4		
CONTINUING EDUCATION SPECIALIST 5		
CONTINUING EDUCATION SPECIALIST 6		
CONTROL TECH TRNEE		
CONTROL TECHNICIAN		
CONTROL TECHNICIAN LEAD		
COOK		
COOK 1		
COOK LEAD		
COORDINATOR TEACHER PREP PROGRAM		
COPY CENTER COORDINATOR 1		
COPY CENTER EQUIPMENT OPERATOR 2		
COPY CENTER EQUIPMENT OPERATOR 3		
COPY CENTER SUPERVISOR		
COSTUMER LEAD		
COSTUMER SPECIALIST		
COUNSELING PSYCHOLOGY PARAPROFESSIONAL		
COUNSELING SERVICES COORDINATOR		
COUNSELING-AREA COORDINATOR		
COUNSELING-RESIDENT DIRECTOR		
COUNSELOR		
"COUNSELOR, LEAD"		
"COUNSELOR, SENIOR"		
COUNSELOR-INTERN		
COUNSELOR-SENIOR		
COUNSELOR-STUDENT SERVICES		
CREDENTIALS EVALUATOR 1		
CREDENTIALS EVALUATOR 2		
CREDIT MANAGER B		
"CURATOR, SENIOR"		
CUSTODIAN		
CUSTODIAN 1		
CUSTODIAN 2		
CUSTODIAN 3		
CUSTODIAN LEAD		
CUSTODIAN SUPERVISOR 1		
CUSTODIAN SUPERVISOR 2		
CYTOLOGY TECHNOLOGIST 2		
CYTOLOGY TECHNOLOGIST SUPV		
DATA CONTROL SUPERVISOR		
DATA CONTROL TECHNICIAN 1		
DATA CONTROL TECHNICIAN 2		
DATA CONTROL TECHNICIAN 3		
DATA CONTROL TECHNICIAN LEAD		
DATA ENTRY OPERATOR 1		
DATA ENTRY OPERATOR 2		
DATA ENTRY OPERATOR 3		
DATA ENTRY OPERATOR LEAD		
DEAN		
DEAN OF UNIVERSITY LIBRARIES		
DENTAL ASSISTANT 1		
DENTAL ASSISTANT 2		
DENTAL CLINIC SUPERVISOR 1		
DENTAL CLINIC SUPERVISOR 2		
DENTAL HYGIENIST		
DENTAL HYGIENIST 2		
DENTAL LABORATORY TECHNICIAN 3		
DENTAL XRAY TECHNICIAN 2		
DEVELOPMENT DIRECTOR		
DEVELOPMENT DIRECTOR - SENIOR		
DEVELOPMENT OFFICER		
DEVELOPMENT SERVICES DIRECTOR		
DEVELOPMENT SERVICES OFFICER		
DEVELOPMENT/FUND RAISING EVENTS COORD		
DIAGNOSTIC MEDICAL SONOG CLIN INSTRUCTOR		
DIAGNOSTIC MEDICAL SONOGRAPHER		
DIAGNOSTIC MEDICAL SONOGRAPHER LEAD		
DIAGNOSTIC MEDICAL SONOGRAPHER SPEC		
DIAGNOSTIC MEDICAL SONOGRAPHER SUPV		
DIALYSIS/PHARESIS TECHNICIAN		
DIALYSIS/PHARESIS TECHNICIAN LEAD		
DIALYSIS/PHERESIS TECHNICIAN		
DIETARY UNIT AIDE		
DIETARY UNIT CLERK		
DIETETIC TECHNICIAN		
DIETITIAN 1		
DIETITIAN 2		
DIGITAL PRESS OPERATOR		
DIRECTOR		
DIRECTOR - ICA OPERATIONS		
DIRECTOR/CHAIR		
DIRECTOR-DEPARTMENTAL COMPUTING		
DIRECTOR-PROGRAM OPERATIONS		
DISPENSARY ASSISTANT 2		
DIVISIONAL DEAN		
DRAFTING TECHNICIAN 2		
DRAFTING TECHNICIAN 3		
DRIVER-WAREHOUSE WORKER		
EDITOR		
EDITOR-PUBLICATIONS 1		
EDITOR-PUBLICATIONS 2		
EDITOR-RESEARCH PUBLICATIONS 1		
EDITOR-RESEARCH PUBLICATIONS 2		
EDITOR-RESEARCH PUBLICATIONS 3		
EDUCATOR 1	TRUE	
EDUCATOR 2	TRUE	
EDUCATOR 3 (12 MONTH)	TRUE	
ELECTRICIAN		
ELECTRICIAN LEAD		
ELECTRICIAN LEAD-HIGH VOLTAGE		
ELECTRICIAN-HIGH VOLTAGE		
ELECTROCARDIOGRAPH LABORATORY SUPERVISOR		
ELECTROCARDIOGRAPH TECHNICIAN 1		
ELECTROCARDIOGRAPH TECHNICIAN 2		
ELECTROCARDIOGRAPH TECHNICIAN LEAD		
ELECTRONEURODIAGNOSTIC TECHNOLOGIST 1		
ELECTRONEURODIAGNOSTIC TECHNOLOGIST 2		
ELECTRONEURODIAGNOSTIC TECHNOLOGIST 3		
ELECTRONEURODIAGNOSTIC TECHNOLOGIST SUPV		
ELECTRONIC MEDIA PRODUCER 1		
ELECTRONIC MEDIA PRODUCER 2		
ELECTRONIC PREPRESS I		
ELECTRONICS TECHNICIAN 1		
ELECTRONICS TECHNICIAN 2		
ELECTRONICS TECHNICIAN 3		
ELEVATOR MECHANIC		
ELEVATOR MECHANIC LEAD		
EMBALMER		
EMBALMER LEAD		
EMPLOYMENT TRAINING SPECIALIST 1		
EMPLOYMENT TRAINING SPECIALIST 2		
EMPLOYMENT TRAINING SPECIALIST ASSISTANT		
EMPLOYMENT TRAINING SPECIALIST LEAD		
ENGINEERING ASSISTANT 2		
ENGINEERING TECHNICIAN 1		
ENGINEERING TECHNICIAN 1 - BIOENGR ONLY		
ENGINEERING TECHNICIAN 2		
ENGINEERING TECHNICIAN 3		
ENGINEERING TECHNICIAN LEAD		
ENGINEERING TECHNICIAN SUPERVISOR		
ENGR-DECKHAND OCEAN RESEARCH VESSEL		
ENVIRONMENTAL CONTROL TECHNICIAN 2		
ENVIRONMENTAL CONTROL TECHNICIAN 3		
ENVIRONMENTAL HEALTH & SAFETY TECH		
ENVIRONMENTAL OUTREACH SPECIALIST		
ENVIRONMENTAL OUTREACH SPECIALIST 1		
ENVIRONMENTAL OUTREACH SPECIALIST 2		
EQUIPMENT TECHNICIAN 4		
EQUIPMENT TECHNICIAN LEAD		
EXECUTIVE ASSISTANT TO THE PRESIDENT		
EXTENSION ASSISTANT		
EXTENSION LECTURER	TRUE	
EXTENSION LECTURER-FULL TIME	TRUE	
EXTENSION LECTURER-FULL TIME NON-BARGAIN	TRUE	
EXTENSION LECTURER-PART TIME	TRUE	
EXTENSION LECTURER-PART TIME NON-BARGAIN	TRUE	
FACILITIES DRAFTING TECHNICIAN 2		
FACILITIES OPERATIONS MAINTENANCE SPEC		
FACILITIES PLANNER 1		
FACILITIES PLANNER 2		
FACILITIES PROJECT ENGINEER/ARCHITECT		
FACULTY FOGARTY FELLOW--STIPEND		
FDA SEIU - LEAVE OF ABSENCE		
FDA SEIU - PROJECT		
FDA WFSE - LEAVE OF ABSENCE		
FDA WFSE - PROJECT		
FEE BASED ASSIGNMENT - PROF STAFF		
FELLOW		
FINANCIAL SERVICES SPECIALIST 1		
FINANCIAL SERVICES SPECIALIST 2		
FINANCIAL SERVICES SPECIALIST SUPV		
FISCAL SPECIALIST 1		
FISCAL SPECIALIST 2		
FISCAL SPECIALIST SUPV		
FISCAL TECHNICIAN 1		
FISCAL TECHNICIAN 2		
FISCAL TECHNICIAN 3		
FISCAL TECHNICIAN LEAD		
FISCAL TECHNICIAN SUPERVISOR		
FISH HATCHERY SPECIALIST 2		
FISH HATCHERY TECHNICIAN		
FLOORLAYER		
FOOD SERVICE PORTER		
FOOD SERVICE SUPERVISOR 1		
FOOD SERVICE SUPERVISOR 1-HMC		
FOOD SERVICE SUPERVISOR 2		
FOOD SERVICE SUPERVISOR 2-HMC		
FOOD SERVICE WORKER		
FOOD SERVICE WORKER LEAD		
FOOD SERVICES SUPERVISOR 1		
FOOD SERVICES SUPERVISOR 2		
FOREST CRUISER & CRAFTS TECHNICIAN		
FOREST CRUISER & CRAFTS TECHNICIAN 1		
FOREST CRUISER & CRAFTS TECHNICIAN 2		
FURNITURE REPAIR WORKER		
GARDENER 1		
GARDENER 2		
GARDENER LEAD		
GASTRIC SURGERY TECHNICIAN		
GENETICS COUNSELING SUPERVISOR		
GENETICS COUNSELOR 1		
GENETICS COUNSELOR 2		
GENETICS COUNSELOR LEAD		
GLAZIER		
GRADUATION & ACADEMIC RECORDS SPEC LEAD		
GRADUATION & ACADEMIC RECORDS SPECIALIST		
GRANT & CONTRACT COORDINATOR		
GRANTS AND CONTRACTS MANAGER/SPECIALIST		
GRAPHIC DESIGNER		
GRAPHIC DESIGNER/ILLUSTRATOR		
GRAPHIC DESIGNER/ILLUSTRATOR LEAD		
GRAPHIC ILLUSTRATOR		
GREENHOUSE ATTENDANT		
GROUNDS & NURSERY SERVICES SPECIALIST 2		
GROUNDS & NURSERY SERVICES SPECIALIST 4		
GROUNDS SUPERVISOR 1		
HEALTH & SAFETY SUPERVISOR		
HEALTH CARE SPECIALIST		
HEALTH CARE SPECIALIST LEAD		
HEALTH CARE SPECIALIST LEAD-INPAT-EMERG		
HEALTH CARE SPECIALIST-INPAT-EMERG		
HEALTH EDUCATION RESOURCES COORDINATOR 1		
HEALTH EDUCATION RESOURCES COORDINATOR 2		
HEALTH INFORMATION LEAD		
HEALTH INFORMATION SUPERVISOR		
HEALTH INFORMATION TECHNICIAN 1		
HEALTH INFORMATION TECHNICIAN 2		
HEALTH INFORMATION TECHNICIAN 3		
HEALTH PHYSICIST 1		
HEALTH PROFESSIONAL PRACTITIONER		
HEALTH PROGRAM OPERATIONS SPECIALIST		
HEALTH SERVICES MANAGER		
HEALTH SERVICES-ASSISTANT DIRECTOR		
HEALTH SERVICES-ASSOCIATE DIRECTOR		
HEAVY EQUIPMENT OPERATOR		
HEAVY EQUIPMENT OPERATOR LEAD		
HISTOLOGIC TECHNICIAN 1		
HISTOLOGIC TECHNICIAN 2		
HISTOLOGY LABORATORY SUPERVISOR		
HISTOTECHNOLOGIST		
HOSPITAL ASSISTANT		
HOSPITAL ASSISTANT LEAD		
HOSPITAL CENTRAL SERVICES TECHNICIAN 1		
HOSPITAL CENTRAL SERVICES TECHNICIAN 2		
HOSPITAL CENTRAL SERVICES TECHNICIAN LD		
HOSPITAL CENTRAL SVCS SUPV		
HOSPITAL DENTISTRY ASSISTANT SPECIALIST		
HOSPITAL HEALTH PHYSICIST		
HOSPITAL-ASSISTANT ADMINISTRATOR		
HOSPITAL-ASSOCIATE ADMINISTRATOR		
HOSPITAL-ASSOCIATE ADMINISTRATOR SENIOR		
HR NURSING RECRUITING MANAGER		
HUMAN RESOURCE ASSISTANT		
HUMAN RESOURCE ASSISTANT SENIOR		
HUMAN RESOURCE CONSULTANT ASSISTANT 1		
HUMAN RESOURCE CONSULTANT ASSISTANT 2		
HUMAN RESOURCE COORDINATOR		
HUMAN RESOURCE LABOR RELATION SPECIALIST		
HUMAN RESOURCES ANALYST		
HUMAN RESOURCES ASSOCIATE DIRECTOR		
HUMAN RESOURCES BENEFITS CONSULTANT		
HUMAN RESOURCES BENEFITS SPECIALIST		
HUMAN RESOURCES COMPENSATION CONSULTANT		
HUMAN RESOURCES CONSULTANT		
HUMAN RESOURCES DEPT MGR/ADMIN		
HUMAN RESOURCES EMPLOYMENT SPECIALIST		
HUMAN RESOURCES MANAGER		
HUMAN RESOURCES RECRUITER		
HUMAN RESOURCES SPECIALIST		
HUMAN RESOURCES TRAINING & OD CONSULTANT		
HUMAN SUBJECTS REVIEW COORDINATOR		
IMAGING TECHNOLOGIST		
IMAGING TECHNOLOGIST 1		
IMAGING TECHNOLOGIST TRAINEE		
IMAGING TECHNOLOGIST-ANGIOGRAPHY		
IMAGING TECHNOLOGIST-COMP TOMO		
IMAGING TECHNOLOGIST-EDUC/QUALITY ASSUR		
IMAGING TECHNOLOGIST-LEAD		
IMAGING TECHNOLOGIST-MAG RES IMAGING		
IMAGING TECHNOLOGIST-MAMMO		
IMAGING TECHNOLOGIST-SUPERVISOR		
INDUSTRIAL HYGIENIST 1		
INDUSTRIAL HYGIENIST 2		
INFORMATION SPECIALIST 1		
INFORMATION SPECIALIST 2		
INFORMATION TECHNOLOGY SPECIALIST 1		
INFORMATION TECHNOLOGY SPECIALIST 2		
INFORMATION TECHNOLOGY SPECIALIST 3		
INFORMATION TECHNOLOGY TECH 1		
INFORMATION TECHNOLOGY TECH 2		
INSTRUCTION & CLASSROOM SUPPORT TECH 1		
INSTRUCTION & CLASSROOM SUPPORT TECH 3		
INSTRUCTIONAL SUPERVISOR		
INSTRUCTIONAL TECHNICIAN 2		
INSTRUMENT MAKER 1		
INSTRUMENT MAKER 2		
INSTRUMENT MAKER 3		
INSTRUMENT MAKER LEAD		
INSTRUMENT MAKER SUPERVISOR		
INSULATION WORKER		
INTERIM PRESIDENT		
INTERIM PROVOST		
INTERNATIONAL COMPUTING - OT EX		
INTERNATIONAL CONTINUING ED - OT EX		
INTERNATIONAL CONTINUING ED - OTX 11-14		
INTERNATIONAL PROG OPERATIONS-OTX 11-14		
INTERNATIONAL PROGRAM OPERATIONS - OT EX		
INTERNATIONAL RESEARCH - OT EX		
IT HUMAN RESOURCES RECRUITER		
LABORATORY ASSISTANT 1		
LABORATORY ASSISTANT 2		
LABORATORY HELPER		
LABORATORY HELPER LEAD		
LABORATORY TECHNICIAN 1		
LABORATORY TECHNICIAN 2		
LABORATORY TECHNICIAN 3		
LAUNDRY OPERATOR 1		
LAUNDRY OPERATOR 2		
LAUNDRY WORKER 3		
LAW LIBRARIAN		
LECTURER EMERITUS	TRUE	
LECTURER FULL-TIME	TRUE	
LECTURER FULL-TIME-COMPETITIVE RECRUIT	TRUE	
LECTURER PART-TIME	TRUE	
LECTURER P-T COMP RECRUITMENT		
LEGAL SECRETARY		
LEGAL SECRETARY 1		
LETTER PRESS OPERATOR		
LIBRARIAN		
LIBRARIAN EMERITUS		
LIBRARIAN--RETIRED		
LIBRARY & ARCHIVES PARAPROFESSIONAL 1		
LIBRARY & ARCHIVES PARAPROFESSIONAL 2		
LIBRARY & ARCHIVES PARAPROFESSIONAL 4		
LIBRARY & ARCHIVES PARAPROFESSIONAL 6		
LIBRARY MATERIALS CONSERVATION SUPV		
LIBRARY SPECIALIST I		
LIBRARY SPECIALIST I - SUPERVISOR		
LIBRARY SPECIALIST II		
LIBRARY SPECIALIST II - SUPERVISOR		
LIBRARY SUPERVISOR I		
LIBRARY SUPERVISOR II		
LIBRARY TECHNICIAN I		
LIBRARY TECHNICIAN II		
LIBRARY TECHNICIAN III		
LIBRARY TECHNICIAN LEAD		
LICENSED PRACTICAL NURSE		
LICENSING SPECIALIST		
LIGHTING AND FILTER MAINTENANCE TECH		
LIGHTING MAINTENANCE TECHNICIAN		
LIMITED TERM APPOINTMENT - PROF STAFF		
LLM LECTURER		
LOCKSMITH		
MACHINERY MASTER MECHANIC		
MACHINERY MECHANIC		
MACHINERY MECHANIC LEAD		
MACHINIST		
MAIL CARRIER		
MAIL CARRIER - DRIVER		
MAIL CARRIER-DRIVER A		
MAIL CARRIER-DRIVER B		
MAIL PROCESSING - DRIVER		
MAIL RATER		
MAIL SERVICES LEAD		
MAIL SERVICES SUPERVISOR		
MAINTENANCE & CONSTRUCTION COORDINATOR A		
MAINTENANCE CUSTODIAN 1		
MAINTENANCE MECHANIC 1		
MAINTENANCE MECHANIC 2		
MAINTENANCE MECHANIC 4		
MAINTENANCE MECHANIC DOOR SPECIALIST		
MAINTENANCE MECHANIC LEAD		
MAINTENANCE SUPERVISOR 1		
MAINTENANCE SUPERVISOR 2		
MAJOR GIFT OFFICER - DEVL		
MAJOR GIFT OFFICER ASSOCIATE-DEVELOPMENT		
MAJOR GIFT OFFICER JUNIOR-DEVELOPMENT		
MAJOR GIFT OFFICER SENIOR-DEVELOPMENT		
MANAGER		
MANAGER OF PROGRAM OPERATIONS		
MANAGER-DEPARTMENTAL COMPUTING		
MANAGER-SWIMMING POOLS		
"MARINE ENGINEER,FIRST ASSISTANT"		
"MARINE ENGINEER,SECOND ASSISTANT"		
"MARINE ENGINEER,THIRD ASSISTANT"		
MARINE ENGINEERING MANAGER		
"MARINE FIELD SPECIALIST, SENIOR"		
MARINE FIELD SPECIALIST-SENIOR		
MARINE TECHNOLOGIST 1		
MARINE TECHNOLOGIST 2		
MARINER 1		
MARINER 2		
MASON/PLASTERER		
MASON/PLASTERER LEAD		
MASTER R/V THOMAS G. THOMPSON		
MASTER RESEARCH VESSEL 100GT		
"MATE,CHIEF"		
"MATE,SECOND"		
"MATE,THIRD"		
MEDIA ASSISTANT 1		
MEDIA ENGINEER A		
MEDIA ENGINEER B		
MEDIA LABORATORY COORDINATOR		
MEDIA MAINTENANCE TECHNICIAN 1		
MEDIA MAINTENANCE TECHNICIAN 2		
MEDIA MAINTENANCE TECHNICIAN 3		
MEDIA MAINTENANCE TECHNICIAN LEAD		
MEDIA SERVICES OPERATOR		
MEDIA TECHNICIAN		
MEDIA TECHNICIAN LEAD		
MEDIA TECHNICIAN SENIOR		
MEDIA TECHNICIAN SUPERVISOR		
MEDICAL AIR LIFT COMMUNICATIONS SPEC		
MEDICAL AIRLIFT COMMUNICATIONS SUPV		
MEDICAL ASSISTANT		
MEDICAL ASSISTANT LEAD		
MEDICAL ILLUSTRATOR		
MEDICAL INTERPRETER 1		
MEDICAL INTERPRETER 2		
MEDICAL INTERPRETER-ASL		
MEDICAL INTERPRETR CSEWRKR-CULTRL MEDIAT		
MEDICAL LABORATORY SCIENTIST 1		
MEDICAL PHYSICIST		
MEDICAL TRANSCRIPTION SUPV		
MEDICAL TRANSCRIPTIONIST 1		
MEDICAL TRANSCRIPTIONIST 2		
MEDICAL TRANSCRIPTIONIST LEAD		
MENTAL HEALTH PRACT CLINICAL SPECIALIST		
MENTAL HEALTH PRACTITIONER		
MENTAL HEALTH PRACTITIONER LEAD		
MENTAL HEALTH SPECIALIST 1		
MENTAL HEALTH SPECIALIST 2		
MENTAL HEALTH THERAPIST		
MESS ATTENDANT		
MESSENGER DRIVER		
MODEL - ART		
MOTOR EQUIPMENT MECHANIC		
MOTOR EQUIPMENT MECHANIC LEAD		
MOTOR EQUIPMENT SERVICE ATTENDANT		
NETWORK ENGINEER		
NETWORK SPECIALIST		
NUCLEAR MED P.E.T. TECH		
NUCLEAR MED TECHNOLOGIST 1		
NUCLEAR MED TECHNOLOGIST 2		
NUCLEAR MED TECHNOLOGIST LEAD		
NUCLEAR MEDICAL TECHNOLOGIST 1		
NUCLEAR MEDICINE TECHNOLOGIST SUPERVISOR		
NURSE MANAGER		
NURSE-OCCUPATIONAL HEALTH		
NURSING SERVICES-ASSISTANT DIRECTOR		
NURSING SERVICES-ASSOCIATE DIRECTOR		
NURSING TECHNICIAN - NON-UW STUDENT		
NW HOSP MANAGEMENT SERVICES AGREEMENT		
OB TECHNOLOGIST		
OCCUPATIONAL THERAPIST 1		
OCCUPATIONAL THERAPIST 2		
OCCUPATIONAL THERAPIST 3		
OCCUPATIONAL THERAPIST SUPERVISOR		
OCCUPATIONAL THERAPY ASSISTANT 2		
OFFICE ASSISTANT 1		
OFFICE ASSISTANT 2		
OFFICE ASSISTANT 3		
OFFICE ASSISTANT LEAD		
OFFICE SUPPORT SUPERVISOR 1		
OFFICE SUPPORT SUPERVISOR 2		
OFFICER		
"OILER,MARINE"		
OMBUD		
OPHTHALMIC SPECIALIST		
OPHTHALMIC TECHNICIAN 2		
OPHTHALMIC TECHNICIAN 3		
OPHTHALMIC TECHNICIAN LEAD		
OPHTHALMIC TECHNICIAN SUPERVISOR		
OPTICAL TECHNICIAN 2		
OPTICIAN LICENSED-DISPENSING		
ORTHOPAEDIC TECHNICIAN I		
ORTHOPAEDIC TECHNICIAN II		
ORTHOTICS-PROSTHETICS PRACTITIONER		
ORTHOTIST-PROSTHETIST TECHNICIAN		
OT COVERED/SALARY BASIS		
PAINTER		
PAINTER APPRENTICE		
PAINTER LEAD		
PAINTER SUPERVISOR		
PARALEGAL 1		
PARKING ENFORCEMENT OFFICER		
PARKING SPECIALIST		
PARKING SUPERVISOR 1		
PARKING SUPERVISOR 2		
PARKING SUPERVISOR 3		
PATIENT CARE COORDINATOR		
PATIENT CARE COORDINATOR SUPV		
PATIENT CARE TECHNICIAN		
PATIENT FINANCIAL SERVICES SPECIALIST 1		
PATIENT FINANCIAL SERVICES SPECIALIST 2		
PATIENT FINANCIAL SERVICES SUPERVISOR		
PATIENT REPRESENTATIVE		
PATIENT SERVICES LEAD		
PATIENT SERVICES REP		
PATIENT SERVICES REP COORDINATOR		
PATIENT SERVICES SPECIALIST 1-TRAINEE		
PATIENT SERVICES SPECIALIST 2		
PATIENT SERVICES SPECIALIST 3		
PATIENT SERVICES SPECIALIST EDU-QA		
PATIENT SERVICES SPECIALIST LEAD		
PATIENT SERVICES SPECIALIST SUPV		
PATIENT SERVICES SPECIALIST-CALL CENTER		
PATIENT SERVICES SUPERVISOR		
PAYROLL TECHNICIAN LEAD		
PHARMACIST 1		
PHARMACIST 2		
PHARMACIST 3		
PHARMACIST 4		
PHARMACIST SUPERVISOR		
PHARMACY ASSISTANT		
PHARMACY TECHNICIAN		
PHARMACY TECHNICIAN 1		
PHARMACY TECHNICIAN 2		
PHARMACY TECHNICIAN LEAD		
PHLEBOTOMIST		
PHLEBOTOMIST LEAD		
PHLEBOTOMIST SUPERVISOR		
PHOTOGRAPHER 1		
PHOTOGRAPHER 2		
PHOTOGRAPHIC TECHNICIAN		
PHOTOGRAPHY SUPERVISOR		
PHYS ASST CERT-ADV RN PRACTITIONER LEAD		
PHYS ASST-ADV RN PRACTITIONER		
PHYSICAL THERAPIST 1		
PHYSICAL THERAPIST 2		
PHYSICAL THERAPIST 3		
PHYSICAL THERAPIST SPECIALIST		
PHYSICAL THERAPIST SUPERVISOR		
PHYSICAL THERAPY ASSISTANT 1		
PHYSICAL THERAPY ASSISTANT 2		
PHYSICIAN CONSULTANT		
PHYSICIAN II		
PHYSICIAN III / SR PHYSICIAN - UNIT HEAD		
PIANO TECHNICIAN		
PLANNING ANALYST 2		
PLANT COMMUNICATIONS COORDINATOR		
PLANT TECHNICIAN 1		
PLANT TECHNICIAN 2		
PLUMBER/PIPE/STEAMFITTER		
PLUMBER/PIPE/STEAMFITTER LEAD		
POLICE DISPATCHER		
POLICE DISPATCHER SUPERVISOR		
POLYSOMNOGRAPHIC TECHNICIAN 1		
POLYSOMNOGRAPHIC TECHNICIAN 2		
POLYSOMNOGRAPHIC TECHNOLOGIST		
POST BACCALAUREATE APPOINTMENT		
POWER PLANT MECHANIC		
POWER PLANT MECHANIC LEAD		
POWER PLANT OPERATING ENGINEER 1		
POWER PLANT OPERATING ENGINEER 2		
POWER PLANT OPERATING ENGINEER LEAD		
PRESERVATION & MUSEUM SPECIALIST 1		
PRESERVATION & MUSEUM SPECIALIST 2		
PRESERVATION & MUSEUM SPECIALIST 3		
PRESERVATION & MUSEUM SPECIALIST 4		
PRESIDENT		
PRESS FEEDER		
"PRESS OPERATOR, 1 COLOR OFFSET TO 22 IN"		
"PRESS OPERATOR, 2 COLOR OFFSET TO 22 IN"		
"PRESS OPERATOR, 2 COLOR OFFSET TO 41 IN"		
PRINCIPAL LECTURER		
PRINCIPAL LECTURER EMERITUS		
PROCEDURES ANALYST 1		
PRODUCER RADIO - EXECUTIVE		
PRODUCER-RADIO		
PRODUCTION COORDINATOR		
PRODUCTION MANAGER UNIVERSITY PRESS		
PROF STAFF-CONTRACT RETIREE-LEVEL 2		
PROF STAFF-CONTRACT RETIREE-LEVEL 3		
PROFESSIONAL STAFF - CONTRACT		
PROFESSIONAL STAFF - CONTRACT P2		
PROFESSIONAL STAFF - CONTRACT P3		
PROFESSOR	TRUE	
PROFESSOR EMERITUS	TRUE	
PROFESSOR WITHOUT TENURE	TRUE	
PROFESSOR--RETIRED		
PROGRAM ASSISTANT		
PROGRAM ASSISTANT - BIOENGR ONLY		
PROGRAM COORDINATOR		
PROGRAM DIRECTOR - KUOW		
PROGRAM FINANCIAL ANALYST		
PROGRAM FINANCIAL MANAGER		
PROGRAM MANAGER A		
PROGRAM OPERATIONS ANALYST		
PROGRAM OPERATIONS SPECIALIST		
PROGRAM SUPPORT SUPERVISOR I		
PROGRAM SUPPORT SUPERVISOR II		
PROJECT APPOINTMENT - O/T EXEMPT 11-14		
PROJECT APPOINTMENT - OVERTIME COVERED		
PROJECT APPOINTMENT - OVERTIME EXEMPT		
PROVOST		
PSYCHOLOGIST		
PSYCHOLOGY INTERN		
PSYCHOLOGY INTERN-STIPEND		
PSYCHOMETRIST 1		
PSYCHOMETRIST 2		
PSYCHOMETRIST LEAD		
PSYCHOMETRIST SUPV		
PUBLIC INFORMATION EDITOR		
PUBLIC INFORMATION SPECIALIST		
PUBLICATIONS COORDINATOR		
PUBLISHER STUDENT PUBLICATIONS		
PULMONARY FUNCTION TECHNOLOGIST 2		
PULMONARY FUNCTION TECHNOLOGIST LEAD		
QUALITY ASSURANCE COORDINATOR		
RADIATION SAFETY TECHNICIAN 2		
RADIATION THERAPY DOSIMETRIST		
RADIATION THERAPY SPECIALIST		
RADIATION THERAPY TECHNOLOGIST		
RADIATION THERAPY TECHNOLOGIST LEAD		
RADIATION THERAPY TECHNOLOGIST SUPV		
RECORDS ANALYST 1		
RECORDS ANALYST 2		
RECORDS ANALYST 3		
RECREATION COORDINATOR 2		
RECREATION THERAPIST 1		
RECREATION THERAPIST 2		
REFRIGERATION MECHANIC		
REFRIGERATION MECHANIC LEAD		
REGISTERED NURSE 1 - RESEARCH		
REGISTERED NURSE 2	FALSE	
REGISTERED NURSE 2 - RESEARCH		
REGISTERED NURSE 3		
REGISTERED NURSE SUPV-RESEARCH		
REGISTRAR		
REGISTRAR-ASSISTANT		
REGISTRAR-ASSOCIATE		
REHABILITATION COUNSELOR 1		
REHABILITATION COUNSELOR 2		
REPRESENTATIVE/INVESTIGATOR		
RESEARCH AIDE 1		
RESEARCH AIDE 1 - BIOENGR ONLY		
RESEARCH AIDE 2		
RESEARCH ANALYST 1		
RESEARCH ANALYST 2		
RESEARCH ANALYST 3		
RESEARCH ANALYST LEAD		
RESEARCH ASSISTANT PROFESSOR		
RESEARCH ASSOC PROF EMERITUS		
RESEARCH ASSOCIATE		
RESEARCH ASSOCIATE PROFESSOR		
RESEARCH ASSOCIATE--TRAINEE		
RESEARCH CONSULTANT		
RESEARCH COORDINATOR		
RESEARCH DIETITIAN 1		
RESEARCH DIETITIAN 2		
RESEARCH FELLOW TRAINEE		
RESEARCH LITERATURE ANALYST		
RESEARCH MANAGER		
RESEARCH PROFESSOR		
RESEARCH PROFESSOR EMERITUS		
RESEARCH SCIENTIST/ENGINEER - ASSISTANT		
RESEARCH SCIENTIST/ENGINEER 1		
RESEARCH SCIENTIST/ENGINEER 2		
RESEARCH SCIENTIST/ENGINEER 3		
RESEARCH SCIENTIST/ENGINEER 4		
RESEARCH SCIENTIST/ENGINEER PRINCIPAL		
RESEARCH SCIENTIST/ENGINEER-SENIOR		
RESEARCH SCIENTIST/ENGINEER-SR PRINCIPAL		
RESEARCH STUDY ASSISTANT		
RESEARCH STUDY COORDINATOR 1		
RESEARCH STUDY COORDINATOR 2		
RESEARCH STUDY COORDINATOR LEAD		
RESEARCH STUDY SUPERVISOR		
RESEARCH TECHNOLOGIST 1		
RESEARCH TECHNOLOGIST 1 - BIOENGR ONLY		
RESEARCH TECHNOLOGIST 2		
RESEARCH TECHNOLOGIST 2 - BIOENGR ONLY		
RESEARCH TECHNOLOGIST 3		
RESEARCH TECHNOLOGIST SUPERVISOR		
RESEARCHER		
RESIDENT		
RESPIRATORY CARE ASSISTANT		
RESPIRATORY CARE LEAD		
RESPIRATORY CARE PRACTITIONER		
RESPIRATORY CARE SPECIALIST		
RETAIL CLERK 1		
RETAIL CLERK 2		
RETAIL CLERK LEAD		
RETIREE (ACADEMIC)		
ROOFER		
SAFETY PROFESSIONAL 1		
SAFETY PROFESSIONAL 2		
SCIENCE INSTRUCTION DESIGNER 2		
SCIENTIFIC INSTRUCTIONAL TECHNICIAN 1		
SCIENTIFIC INSTRUCTIONAL TECHNICIAN 2		
SCIENTIFIC STORES ATTENDANT		
SEAMSTRE		
SECOND COOK-BAKER		
SECRETARY		
SECRETARY LEAD		
SECRETARY OF THE BOARD OF REGENTS		
SECRETARY OF THE FACULTY		
SECRETARY SENIOR		
SECRETARY SENIOR - BIOENGR ONLY		
SECRETARY SUPERVISOR		
SECURITY GUARD		
SENIOR APPLICATIONS SYSTEM ENGINEER		
SENIOR ARTIST IN RESIDENCE		
SENIOR ASSISTANT LIBRARIAN		
SENIOR COMPUTER SPECIALIST		
SENIOR FELLOW		
SENIOR FELLOW--STIPEND		
SENIOR FELLOW--TRAINEE		
SENIOR LECTURER EMERITUS		
SENIOR LECTURER-FULL TIME		
SENIOR LECTURER-PART TIME		
SENIOR PUBLICATIONS DESIGNER		
SENIOR VICE PRESIDENT		
SHEET METAL MECHANIC		
SHEET METAL MECHANIC LEAD		
SHIPPING/RECEIVING/STOCKROOM COORDINATOR		
SHIP'S STEWARD		
SIGN PAINTER		
SNACK BAR LEAD		
SOCIAL WORK ASSISTANT 1		
SOCIAL WORK ASSISTANT 2		
SOCIAL WORKER 1		
SOCIAL WORKER 1-ACADEMIC MEDICAL CENTERS		
SOCIAL WORKER 2		
SOCIAL WORKER 2-ACADEMIC MEDICAL CENTERS		
SOCIAL WORKER SUPV-ACADEMIC MEDICAL CTRS		
SOFTWARE ENGINEER		
SOM DIRECTOR - CLINICAL DEPARTMENT		
SPECIMEN PROCESSING SUPERVISOR		
SPECIMEN PROCESSING TECHNICIAN		
SPECIMEN PROCESSING TECHNICIAN LEAD		
SPEECH PATH AUDIOL SPEC 3		
SPEECH PATHOLOGIST/AUDIOLOGIST SPEC 1		
SPEECH PATHOLOGIST/AUDIOLOGIST SPEC 2		
SPEECH PATHOLOGIST/AUDIOLOGIST SPEC 3		
SPORTS EQUIPMENT ATTENDANT 1		
SPORTS EQUIPMENT ATTENDANT 2		
SPORTS EQUIPMENT MANAGER 1		
SPORTS EQUIPMENT MANAGER 2		
SPORTS EQUIPMENT TECHNICIAN		
SR ASSOC DEAN OF UNIVERSITY LIBRARIES		
SR COMPUTER SPECIALIST-OT COVERED		
STAFF ASSISTANT		
STAGE TECHNICIAN 2		
STIPEND - VISIT INTERN		
STIPEND GRAD FELLOW - A		
STIPEND GRAD FELLOW - B		
STIPEND GRAD G & AID		
STIPEND GRAD TRAINEE - A		
STIPEND GRAD TRAINEE - B		
STIPEND GRAD TRAINEE - C		
STIPEND OTH TRAINEE		
STIPEND UGRD G & AID		
STIPEND UNDERGRADUATE FELLOW		
STIPEND UNDERGRADUATE TRAINEE		
STOCKROOM ATTENDANT 1		
STOCKROOM ATTENDANT 2		
STOCKROOM ATTENDANT 3		
STOCKROOM ATTENDANT LEAD		
STOCKROOM SUPERVISOR		
STUDY SKILLS INSTRUCTOR		
STUDY SKILLS TUTOR		
"SUPERVISOR, OCEANOGRAPHIC RESRCH VESSEL"		
SURGICAL TECHNOLOGIST		
SYSTEMS ANALYST/PROGRAMMER 1		
SYSTEMS ANALYST/PROGRAMMER 2		
SYSTEMS ANALYST/PROGRAMMER 3		
SYSTEMS PROGRAMMER		
TEACHING ASSOCIATE	TRUE	
TECHNICAL SECRETARY		
TECHNOLOGY MANAGER		
TECHNOLOGY PROJECT MANAGER		
TELECOMMUNICATIONS ANALYST 1		
TELECOMMUNICATIONS ANALYST 2		
TELECOMMUNICATIONS ANALYST 3		
TELEPHONE COMMUNICATIONS OPERATOR-HOSP		
TELEPHONE COMMUNICATIONS OPR LEAD-HOSP		
TELEPHONE COMMUNICATIONS SUPERVISOR		
TEMP PAY INCREASE-OVERTIME COVERED		
TEMPORARY APPOINTMENT - DRS RETIREE		
TEMPORARY STAFF - HELPER		
TEMPORARY STAFF A		
TEMPORARY STAFF B		
TEMPORARY STAFF C		
TEMPORARY STAFF D		
TEMPORARY STAFF E		
THERAPEUTIC RECREATOR 1		
THERAPEUTIC RECREATOR 2		
TOWER CRANE OPERATOR-RESEARCH		
TRADES HELPER		
TRAFFIC GUIDE		
TRAFFIC GUIDE LEAD		
TRAINER		
TRAINER-HEAD		
TRANSPORTATION HELPER		
TRANSPORTATION SUPERVISOR		
TRUCK DRIVER - PRINT PLANT		
TRUCK DRIVER 1		
TRUCK DRIVER 2		
TRUCK DRIVER 3		
TRUCK DRIVER LEAD		
TRUCK DRIVER/STOCKROOM ASSISTANT		
TV/VIDEO EQUIPMENT OPERATOR 1		
TV/VIDEO EQUIPMENT OPERATOR 2		
TV/VIDEO EQUIPMENT OPERATOR LEAD		
UNIT SUPPLY TECHNICIAN 1		
UNIT SUPPLY TECHNICIAN 2		
UNIT SUPPLY TECHNICIAN LEAD		
UTILITY WORKER 1		
UTILITY WORKER 2		
UTILITY WORKER LEAD		
UTILITY WORKER SUPERVISOR		
UWRP RETIREE - NON-EXEMPT WORK		
VASCULAR TECHNOLOGIST		
VASCULAR TECHNOLOGIST LEAD		
VASCULAR TECHNOLOGIST SUPERVISOR		
VETERINARIAN		
VETERINARIAN SENIOR		
VETERINARIAN SUPERVISORY		
VETERINARY SPECIALIST 1		
VETERINARY SPECIALIST 3		
VICE CHANCELLOR		
VICE PRESIDENT		
VICE PROVOST		
VICE PROVOST-PLANNING AND BUDGETING		
VISITING ASSISTANT PROFESSOR	TRUE	
VISITING ASSOCIATE PROFESSOR	TRUE	
VISITING FELLOW--STIPEND		
VISITING INT'L  PROFESSIONAL SCHOLAR		
VISITING LECTURER	TRUE	
VISITING PROFESSOR	TRUE	
VISITING SCIENTIST		
WAREHOUSE OPERATOR 2		
WAREHOUSE OPERATOR 3		
WAREHOUSE WORKER 1		
WAREHOUSE WORKER 2		
WAREHOUSE WORKER LEAD		
WASHROOM EQUIPMENT OPERATOR 1		
WASHROOM EQUIPMENT OPERATOR 2		
WASTE COLLECTOR		
WEB COMPUTING SPECIALIST		
WEB GRAPHICS SPECIALIST		
WEB INFORMATION SPECIALIST		
WELDER-FABRICATOR		
WINDOW WASHER		
WINDOW WASHER LEAD		
WIPER		
WOMENS HEALTH CARE ADVOCATE		
WORD PROCESSING OPERATOR LEAD		
